41,male,Dutch,Gary,Veulen,Palisanderstraat 43,Rotterdam,garyveulen1998@gmail.com,GaryVeulen,06-84211309
41,male,Dutch,Gary,Veulen,Palisanderstraat 43,Rotterdam,garyveulen1998@gmail.com,GaryVeulen,06-84211309
41,male,Dutch,Gary,Veulen,Palisanderstraat 43,Rotterdam,garyveulen1998@gmail.com,GaryVeulen,06-84211309
41,male,Dutch,Gary,Veulen,Palisanderstraat 43,Rotterdam,garyveulen1998@gmail.com,GaryVeulen,06-84211309
41,male,Dutch,Gary,Veulen,Palisanderstraat 43,Rotterdam,garyveulen1998@gmail.com,GaryVeulen,06-84211309
41,male,Dutch,Gary,Veulen,Palisanderstraat 43,Rotterdam,garyveulen1998@gmail.com,GaryVeulen,06-84211309
41,male,Dutch,Gary,Veulen,Palisanderstraat 43,Rotterdam,garyveulen1998@gmail.com,GaryVeulen,06-84211309
41,male,Dutch,Gary,Veulen,Palisanderstraat 43,Rotterdam,garyveulen1998@gmail.com,GaryVeulen,06-84211309
41,male,Dutch,Gary,Veulen,Palisanderstraat 43,Rotterdam,garyveulen1998@gmail.com,GaryVeulen,06-84211309
41,male,Dutch,Gary,Veulen,Palisanderstraat 43,Rotterdam,garyveulen1998@gmail.com,GaryVeulen,06-84211309
41,male,Dutch,Gary,Veulen,Palisanderstraat 43,Rotterdam,garyveulen1998@gmail.com,GaryVeulen,06-84211309
41,male,Dutch,Gary,Veulen,Palisanderstraat 43,Rotterdam,garyveulen1998@gmail.com,GaryVeulen,06-84211309
41,male,Dutch,Gary,Veulen,Palisanderstraat 43,Rotterdam,garyveulen1998@gmail.com,GaryVeulen,06-84211309
41,male,Dutch,Gary,Veulen,Palisanderstraat 43,Rotterdam,garyveulen1998@gmail.com,GaryVeulen,06-84211309
41,male,Dutch,Gary,Veulen,Palisanderstraat 43,Rotterdam,garyveulen1998@gmail.com,GaryVeulen,06-84211309
41,male,Dutch,Gary,Veulen,Palisanderstraat 43,Rotterdam,garyveulen1998@gmail.com,GaryVeulen,06-84211309
41,male,Dutch,Gary,Veulen,Palisanderstraat 43,Rotterdam,garyveulen1998@gmail.com,GaryVeulen,06-84211309
41,male,Dutch,Gary,Veulen,Palisanderstraat 43,Rotterdam,garyveulen1998@gmail.com,GaryVeulen,06-84211309
